ANCLA,RSSI,Departamento,Habitacion,Piso
5,179,As,1,1
4,163,As,1,1
3,164,As,1,1
2,186,As,1,1
1,173,As,1,1
5,179,As,1,1
4,163,As,1,1
3,164,As,1,1
2,186,As,1,1
1,174,As,1,1
5,183,As,1,1
4,163,As,1,1
3,163,As,1,1
2,187,As,1,1
1,173,As,1,1
5,179,As,1,1
5,180,As,1,1
4,163,As,1,1
3,164,As,1,1
2,186,As,1,1
1,174,As,1,1
5,183,As,1,1
4,163,As,1,1
3,164,As,1,1
2,187,As,1,1
1,174,As,1,1
5,178,As,1,1
4,163,As,1,1
3,164,As,1,1
2,187,As,1,1
1,173,As,1,1
5,180,As,1,1
4,164,As,1,1
3,165,As,1,1
2,187,As,1,1
1,173,As,1,1
5,178,As,1,1
4,163,As,1,1
3,164,As,1,1
2,186,As,1,1
1,173,As,1,1
5,176,As,1,1
5,180,As,1,1
4,163,As,1,1
4,163,As,1,1
3,164,As,1,1
2,186,As,1,1
1,173,As,1,1
5,180,As,1,1
4,164,As,1,1
3,165,As,1,1
2,187,As,1,1
5,175,As,1,1
4,163,As,1,1
3,164,As,1,1
2,187,As,1,1
1,173,As,1,1
5,182,As,1,1
4,163,As,1,1
3,165,As,1,1
2,187,As,1,1
5,168,As,1,1
5,178,As,1,1
4,166,As,1,1
3,166,As,1,1
2,187,As,1,1
5,176,As,1,1
5,179,As,1,1
5,177,As,1,1
1,173,As,1,1
5,183,As,1,1
5,184,As,1,1
5,181,As,1,1
5,174,As,1,1
4,165,As,1,1
3,165,As,1,1
2,186,As,1,1
5,164,As,1,1
4,164,As,1,1
3,165,As,1,1
2,186,As,1,1
5,180,As,1,1
5,180,As,1,1
1,173,As,1,1
5,177,As,1,1
4,164,As,1,1
4,163,As,1,1
2,187,As,2,1
1,173,As,2,1
5,182,As,2,1
4,163,As,2,1
3,163,As,2,1
2,187,As,2,1
1,173,As,2,1
5,172,As,2,1
4,164,As,2,1
3,164,As,2,1
2,186,As,2,1
1,173,As,2,1
5,183,As,2,1
4,164,As,2,1
3,164,As,2,1
2,187,As,2,1
1,172,As,2,1
5,181,As,2,1
4,163,As,2,1
3,164,As,2,1
2,187,As,2,1
1,173,As,2,1
5,185,As,2,1
4,163,As,2,1
3,165,As,2,1
2,186,As,2,1
1,173,As,2,1
5,184,As,2,1
4,163,As,2,1
3,164,As,2,1
2,183,As,2,1
2,183,As,2,1
2,175,As,2,1
2,179,As,2,1
5,184,As,2,1
5,179,As,2,1
2,184,As,2,1
2,185,As,2,1
2,181,As,2,1
1,167,As,2,1
2,179,As,2,1
5,185,As,2,1
5,178,As,2,1
2,170,As,2,1
2,167,As,2,1
2,171,As,2,1
2,177,As,2,1
5,182,As,2,1
5,180,As,2,1
5,181,As,2,1
5,181,As,2,1
5,184,As,2,1
5,182,As,2,1
5,184,As,2,1
5,178,As,2,1
5,180,As,2,1
5,181,As,2,1
5,184,As,2,1
4,162,As,2,1
3,162,As,2,1
2,187,As,2,1
1,165,As,2,1
5,179,As,2,1
5,178,As,2,1
5,180,As,2,1
5,183,As,2,1
5,182,As,2,1
5,181,As,2,1
5,181,As,2,1
1,164,As,2,1
5,180,As,2,1
5,177,As,2,1
5,183,As,2,1
5,180,As,2,1
5,181,As,2,1
5,178,As,2,1
5,176,As,2,1
5,177,As,2,1
5,179,As,2,1
5,181,As,2,1
5,178,As,2,1
5,179,As,2,1
5,176,As,2,1
5,180,As,2,1
5,177,As,2,1
5,181,As,2,1
5,182,As,2,1
5,180,As,2,1
5,175,As,2,1
5,180,As,2,1
5,183,As,2,1
5,175,As,2,1
5,181,As,2,1
5,180,As,2,1
5,173,As,2,1
1,164,As,2,1
1,164,As,2,1
1,164,As,2,1
5,174,As,2,1
5,180,As,2,1
5,179,As,2,1
5,179,As,2,1
5,180,As,2,1
5,179,As,2,1
5,178,As,2,1
5,173,As,2,1
5,178,As,2,1
5,177,As,2,1
5,178,As,2,1
5,178,As,2,1
5,179,As,2,1
5,179,As,2,1
5,178,As,2,1
5,180,As,2,1
5,180,As,2,1
5,179,As,2,1
5,176,As,2,1
5,178,As,2,1
5,179,As,2,1
5,179,As,2,1
5,179,As,2,1
5,179,As,2,1
5,179,As,2,1
5,179,As,2,1
5,179,As,2,1
5,179,As,2,1
5,179,As,2,1
1,165,As,2,1
1,165,As,2,1
5,176,As,2,1
5,183,As,2,1
5,184,As,2,1
5,183,As,2,1
5,184,As,2,1
5,185,As,2,1
5,183,As,2,1
5,183,As,2,1
1,166,As,2,1
2,182,As,2,1
2,187,As,2,1
2,174,As,2,1
1,168,As,2,1
1,168,As,2,1
1,168,As,2,1
1,168,As,2,1
1,168,As,2,1
1,168,As,2,1
1,168,As,2,1
1,168,As,2,1
1,168,As,2,1
1,168,As,2,1
1,168,As,2,1
1,168,As,2,1
1,168,As,2,1
2,176,As,2,1
1,167,As,2,1
1,168,As,2,1
1,169,As,2,1
1,168,As,2,1
1,168,As,2,1
1,168,As,2,1
1,168,As,2,1
1,168,As,2,1
1,168,As,2,1
1,168,As,2,1
1,167,As,2,1
1,168,As,2,1
1,169,As,2,1
1,168,As,2,1
1,168,As,2,1
1,168,As,2,1
1,168,As,2,1
1,168,As,2,1
1,168,As,2,1
1,168,As,2,1
1,168,As,2,1
1,168,As,2,1
2,175,As,2,1
1,168,As,2,1
1,168,As,2,1
2,176,As,2,1
2,189,As,2,1
2,189,As,2,1
2,189,As,2,1
2,189,As,2,1
2,189,As,2,1
5,185,As,2,1
5,185,As,2,1
2,189,As,2,1
2,189,As,2,1
2,189,As,2,1
2,188,As,2,1
2,188,As,2,1
2,189,As,2,1
2,189,As,2,1
2,189,As,2,1
2,189,As,2,1
2,189,As,2,1
2,189,As,2,1
2,189,As,2,1
5,186,As,2,1
2,189,As,2,1
2,189,As,2,1
2,189,As,3,1
2,189,As,3,1
2,189,As,3,1
2,188,As,3,1
2,189,As,3,1
2,189,As,3,1
2,188,As,3,1
2,188,As,3,1
2,189,As,3,1
2,189,As,3,1
2,189,As,3,1
2,189,As,3,1
2,189,As,3,1
2,189,As,3,1
2,189,As,3,1
2,189,As,3,1
2,189,As,3,1
2,189,As,3,1
2,189,As,3,1
2,189,As,3,1
2,189,As,3,1
2,189,As,3,1
2,189,As,3,1
2,189,As,3,1
2,189,As,3,1
2,189,As,3,1
2,189,As,3,1
2,188,As,3,1
2,189,As,3,1
2,188,As,3,1
1,164,As,3,1
2,183,As,3,1
2,183,As,3,1
2,177,As,3,1
2,186,As,3,1
2,186,As,3,1
2,180,As,3,1
2,175,As,3,1
2,180,As,3,1
5,183,As,3,1
5,179,As,3,1
5,178,As,3,1
5,183,As,3,1
5,171,As,3,1
1,168,As,3,1
5,182,As,3,1
5,182,As,3,1
5,183,As,3,1
5,183,As,3,1
5,183,As,3,1
5,183,As,3,1
5,184,As,3,1
5,183,As,3,1
5,183,As,3,1
5,182,As,3,1
5,181,As,3,1
5,182,As,3,1
5,182,As,3,1
5,181,As,3,1
5,183,As,3,1
5,182,As,3,1
5,181,As,3,1
5,181,As,3,1
5,183,As,3,1
5,181,As,3,1
5,183,As,3,1
5,181,As,3,1
5,180,As,3,1
5,181,As,3,1
5,183,As,3,1
5,183,As,3,1
5,183,As,3,1
5,182,As,3,1
5,181,As,3,1
5,182,As,3,1
5,181,As,3,1
5,183,As,3,1
5,181,As,3,1
5,184,As,3,1
5,182,As,3,1
5,183,As,3,1
5,183,As,3,1
5,182,As,3,1
5,183,As,3,1
5,182,As,3,1
5,182,As,3,1
5,182,As,3,1
5,180,As,3,1
5,184,As,3,1
5,183,As,3,1
5,183,As,3,1
5,184,As,3,1
5,185,As,3,1
5,183,As,3,1
5,183,As,3,1
5,184,As,3,1
5,184,As,3,1
5,182,As,3,1
5,183,As,3,1
5,183,As,3,1
5,183,As,3,1
5,184,As,3,1
5,182,As,3,1
5,181,As,3,1
5,183,As,3,1
5,183,As,3,1
5,181,As,3,1
5,182,As,3,1
5,178,As,3,1
5,183,As,3,1
1,166,As,3,1
5,180,As,3,1
4,163,As,3,1
3,167,As,3,1
2,178,As,3,1
1,166,As,3,1
4,164,As,3,1
3,167,As,3,1
2,173,As,3,1
5,178,As,3,1
4,164,As,3,1
3,168,As,3,1
1,165,As,3,1
5,177,As,3,1
4,164,As,3,1
3,168,As,3,1
2,175,As,3,1
5,180,As,3,1
5,181,As,3,1
5,179,As,3,1
5,179,As,3,1
5,174,As,3,1
5,178,As,3,1
5,178,As,3,1
5,176,As,3,1
5,176,As,3,1
4,164,As,3,1
3,168,As,3,1
2,178,As,3,1
1,166,As,3,1
5,177,As,3,1
1,167,As,3,1
5,179,As,3,1
5,181,As,3,1
5,175,As,3,1
5,174,As,3,1
5,178,As,3,1
5,172,As,3,1
4,164,As,3,1
3,168,As,3,1
1,165,As,3,1
5,172,As,3,1
5,176,As,3,1
5,181,As,3,1
4,164,As,3,1
3,168,As,3,1
2,177,As,3,1
5,180,As,3,1
5,180,As,3,1
5,179,As,3,1
5,178,As,3,1
5,177,As,3,1
5,180,As,3,1
5,180,As,3,1
5,179,As,3,1
5,180,As,3,1
5,180,As,3,1
5,180,As,3,1
5,177,As,3,1
5,179,As,3,1
4,164,As,3,1
3,168,As,3,1
2,178,As,3,1
5,180,As,3,1
4,164,As,3,1
3,168,As,3,1
2,177,As,3,1
1,164,As,3,1
5,180,As,3,1
5,180,As,3,1
4,164,As,3,1
3,167,As,3,1
2,176,As,3,1
5,183,As,3,1
5,180,As,3,1
5,181,As,3,1
5,179,As,3,1
5,180,As,3,1
5,180,As,3,1
5,181,As,3,1
5,182,As,3,1
5,181,As,3,1
5,180,As,3,1
5,180,As,3,1
5,181,As,3,1
5,180,As,3,1
5,181,As,3,1
4,164,As,3,1
3,167,As,3,1
2,177,As,3,1
5,179,As,3,1
5,181,As,3,1
5,183,As,3,1
5,181,As,3,1
5,182,As,3,1
5,180,As,3,1
5,180,As,3,1
5,179,As,3,1
5,179,As,3,1
5,177,As,3,1
5,182,As,3,1
5,180,As,3,1
5,180,As,3,1
5,179,As,3,1
5,181,As,3,1
5,177,As,3,1
5,179,As,3,1
5,176,As,3,1
5,179,As,3,1
5,177,As,3,1
5,178,As,3,1
5,176,As,3,1
5,178,As,3,1
5,176,As,3,1
5,180,Bs,1,1
5,176,Bs,1,1
5,179,Bs,1,1
5,181,Bs,1,1
4,164,Bs,1,1
3,168,Bs,1,1
1,164,Bs,1,1
2,177,Bs,1,1
1,164,Bs,1,1
5,172,Bs,1,1
5,176,Bs,1,1
4,164,Bs,1,1
3,167,Bs,1,1
2,177,Bs,1,1
1,164,Bs,1,1
5,172,Bs,1,1
4,164,Bs,1,1
3,167,Bs,1,1
1,165,Bs,1,1
5,172,Bs,1,1
4,164,Bs,1,1
3,167,Bs,1,1
2,178,Bs,1,1
1,164,Bs,1,1
1,165,Bs,1,1
1,165,Bs,1,1
5,172,Bs,1,1
5,175,Bs,1,1
5,173,Bs,1,1
1,165,Bs,1,1
1,164,Bs,1,1
1,165,Bs,1,1
5,171,Bs,1,1
4,164,Bs,1,1
3,166,Bs,1,1
2,180,Bs,1,1
1,164,Bs,1,1
1,164,Bs,1,1
5,168,Bs,1,1
1,165,Bs,1,1
1,165,Bs,1,1
1,164,Bs,1,1
5,175,Bs,1,1
5,174,Bs,1,1
5,175,Bs,1,1
1,164,Bs,1,1
1,165,Bs,1,1
5,173,Bs,1,1
1,165,Bs,1,1
1,165,Bs,1,1
1,165,Bs,1,1
1,165,Bs,1,1
1,165,Bs,1,1
1,165,Bs,1,1
1,165,Bs,1,1
1,166,Bs,1,1
1,165,Bs,1,1
1,164,Bs,1,1
2,179,Bs,1,1
1,164,Bs,1,1
1,166,Bs,1,1
5,177,Bs,1,1
5,176,Bs,1,1
5,176,Bs,1,1
5,175,Bs,1,1
5,174,Bs,1,1
5,175,Bs,1,1
5,174,Bs,1,1
1,166,Bs,1,1
2,178,Bs,1,1
5,173,Bs,1,1
4,164,Bs,1,1
3,168,Bs,1,1
1,167,Bs,1,1
5,171,Bs,1,1
1,167,Bs,1,1
5,169,Bs,1,1
1,165,Bs,1,1
1,166,Bs,1,1
1,166,Bs,1,1
5,175,Bs,1,1
1,167,Bs,1,1
5,176,Bs,1,1
5,175,Bs,1,1
5,175,Bs,1,1
5,177,Bs,1,1
5,176,Bs,1,1
5,175,Bs,1,1
5,176,Bs,1,1
5,179,Bs,1,1
5,181,Bs,1,1
2,171,Bs,1,1
2,168,Bs,1,1
2,167,Bs,1,1
2,166,Bs,1,1
2,166,Bs,1,1
5,205,Bs,1,1
4,168,Bs,1,1
4,168,Bs,1,1
2,169,Bs,1,1
2,168,Bs,1,1
2,168,Bs,1,1
2,168,Bs,1,1
2,168,Bs,1,1
2,167,Bs,1,1
2,168,Bs,1,1
2,167,Bs,1,1
2,168,Bs,1,1
2,167,Bs,1,1
2,168,Bs,1,1
2,168,Bs,1,1
2,168,Bs,1,1
2,168,Bs,1,1
2,169,Bs,1,1
2,168,Bs,1,1
4,168,Bs,1,1
2,169,Bs,1,1
2,168,Bs,1,1
4,171,Bs,1,1
1,165,Bs,1,1
5,195,Bs,1,1
4,167,Bs,1,1
2,167,Bs,1,1
5,192,Bs,1,1
4,168,Bs,1,1
3,180,Bs,1,1
2,166,Bs,1,1
2,168,Bs,1,1
5,205,Bs,1,1
4,168,Bs,1,1
2,168,Bs,1,1
2,169,Bs,1,1
2,169,Bs,1,1
5,203,Bs,1,1
4,167,Bs,1,1
2,170,Bs,1,1
2,170,Bs,1,1
5,191,Bs,1,1
4,168,Bs,1,1
2,171,Bs,1,1
2,170,Bs,1,1
2,167,Bs,1,1
1,166,Bs,1,1
5,200,Bs,1,1
1,165,Bs,1,1
5,196,Bs,1,1
4,167,Bs,1,1
3,179,Bs,1,1
2,168,Bs,1,1
1,165,Bs,1,1
5,200,Bs,1,1
4,165,Bs,1,1
3,170,Bs,1,1
2,167,Bs,1,1
1,165,Bs,1,1
5,200,Bs,1,1
4,167,Bs,1,1
3,180,Bs,1,1
2,170,Bs,1,1
1,164,Bs,1,1
5,198,Bs,1,1
4,168,Bs,1,1
2,166,Bs,1,1
1,165,Bs,1,1
2,169,Bs,1,1
2,169,Bs,1,1
2,166,Bs,1,1
1,167,Bs,1,1
5,199,Bs,1,1
4,170,Bs,1,1
3,189,Bs,1,1
2,166,Bs,1,1
1,166,Bs,1,1
5,200,Bs,1,1
4,174,Bs,1,1
3,187,Bs,1,1
2,167,Bs,1,1
1,168,Bs,1,1
5,201,Bs,1,1
4,172,Bs,1,1
3,184,Bs,1,1
2,167,Bs,1,1
1,167,Bs,1,1
5,207,Bs,1,1
4,171,Bs,1,1
3,187,Bs,1,1
2,175,Bs,1,1
1,167,Bs,1,1
5,205,Bs,1,1
4,167,Bs,1,1
3,184,Bs,1,1
3,183,Bs,1,1
2,166,Bs,1,1
1,167,Bs,1,1
5,208,Bs,1,1
4,171,Bs,1,1
3,186,Bs,1,1
3,186,Bs,1,1
3,186,Bs,1,1
2,166,Bs,1,1
1,166,Bs,1,1
5,199,Bs,1,1
3,185,Bs,1,1
3,185,Bs,1,1
2,166,Bs,1,1
1,167,Bs,1,1
5,198,Bs,1,1
4,174,Bs,1,1
3,184,Bs,1,1
2,166,Bs,1,1
1,166,Bs,1,1
5,204,Bs,1,1
4,175,Bs,1,1
3,180,Bs,1,1
2,165,Bs,1,1
1,166,Bs,1,1
5,203,Bs,1,1
4,171,Bs,1,1
3,181,Bs,1,1
2,166,Bs,1,1
1,166,Bs,1,1
5,205,Bs,1,1
4,172,Bs,1,1
3,180,Bs,1,1
2,166,Bs,1,1
1,166,Bs,1,1
5,204,Bs,1,1
4,172,Bs,1,1
3,180,Bs,1,1
2,166,Bs,1,1
1,166,Bs,1,1
5,204,Bs,1,1
4,174,Bs,1,1
3,176,Bs,1,1
2,166,Bs,1,1
1,165,Bs,1,1
5,207,Bs,1,1
4,173,Bs,1,1
3,182,Bs,1,1
2,167,Bs,1,1
1,166,Bs,1,1
5,206,Bs,1,1
4,173,Bs,1,1
3,185,Bs,1,1
2,168,Bs,1,1
1,167,Bs,1,1
5,207,Bs,1,1
4,174,Bs,1,1
3,183,Bs,1,1
2,168,Bs,1,1
1,167,Bs,1,1
5,206,Bs,1,1
4,172,Bs,1,1
3,182,Bs,1,1
2,167,Bs,1,1
1,167,Bs,1,1
5,208,Bs,1,1
4,173,Bs,1,1
3,186,Bs,1,1
2,167,Bs,1,1
1,166,Bs,1,1
5,206,Bs,1,1
4,175,Bs,1,1
3,186,Bs,1,1
2,168,Bs,1,1
1,167,Bs,1,1
5,208,Bs,1,1
4,175,Bs,1,1
3,186,Bs,1,1
2,168,Bs,1,1
2,166,Bs,1,1
1,167,Bs,1,1
5,208,Bs,1,1
4,175,Bs,1,1
3,188,Bs,1,1
2,166,Bs,1,1
1,167,Bs,1,1
5,206,Bs,1,1
3,186,Bs,1,1
2,166,Bs,1,1
1,167,Bs,1,1
5,207,Bs,1,1
3,186,Bs,1,1
3,187,Bs,1,1
3,183,Bs,1,1
3,187,Bs,1,1
3,187,Bs,1,1
3,188,Bs,1,1
3,186,Bs,1,1
3,186,Bs,1,1
3,188,Bs,1,1
3,186,Bs,1,1
3,188,Bs,1,1
3,189,Bs,1,1
3,189,Bs,1,1
3,183,Bs,1,1
3,189,Bs,1,1
3,188,Bs,1,1
3,187,Bs,1,1
3,189,Bs,1,1
3,185,Bs,1,1
2,166,Bs,1,1
1,167,Bs,1,1
5,206,Bs,1,1
3,188,Bs,1,1
3,188,Bs,1,1
3,188,Bs,1,1
3,188,Bs,1,1
3,186,Bs,1,1
3,187,Bs,1,1
3,188,Bs,1,1
3,188,Bs,1,1
3,188,Bs,1,1
2,166,Bs,1,1
1,167,Bs,1,1
5,206,Bs,1,1
3,187,Bs,1,1
3,189,Bs,1,1
2,166,Bs,1,1
1,167,Bs,1,1
5,207,Bs,1,1
4,172,Bs,1,1
3,189,Bs,1,1
2,166,Bs,1,1
1,167,Bs,1,1
5,206,Bs,1,1
4,173,Bs,1,1
3,186,Bs,1,1
2,166,Bs,1,1
1,167,Bs,1,1
5,207,Bs,1,1
4,175,Bs,1,1
3,186,Bs,1,1
3,187,Bs,1,1
2,166,Bs,1,1
1,167,Bs,2,1
5,207,Bs,2,1
4,174,Bs,2,1
3,188,Bs,2,1
3,188,Bs,2,1
2,167,Bs,2,1
1,167,Bs,2,1
5,207,Bs,2,1
4,173,Bs,2,1
3,188,Bs,2,1
3,184,Bs,2,1
2,166,Bs,2,1
1,168,Bs,2,1
5,208,Bs,2,1
4,167,Bs,2,1
3,187,Bs,2,1
3,182,Bs,2,1
3,187,Bs,2,1
3,188,Bs,2,1
2,166,Bs,2,1
1,168,Bs,2,1
5,208,Bs,2,1
3,187,Bs,2,1
3,188,Bs,2,1
3,188,Bs,2,1
3,186,Bs,2,1
3,187,Bs,2,1
3,182,Bs,2,1
3,187,Bs,2,1
3,188,Bs,2,1
3,186,Bs,2,1
3,188,Bs,2,1
3,187,Bs,2,1
3,186,Bs,2,1
3,188,Bs,2,1
3,189,Bs,2,1
3,188,Bs,2,1
2,166,Bs,2,1
1,168,Bs,2,1
5,209,Bs,2,1
3,185,Bs,2,1
3,185,Bs,2,1
2,167,Bs,2,1
1,168,Bs,2,1
5,209,Bs,2,1
3,185,Bs,2,1
3,186,Bs,2,1
3,188,Bs,2,1
2,165,Bs,2,1
1,167,Bs,2,1
5,209,Bs,2,1
4,174,Bs,2,1
3,189,Bs,2,1
3,188,Bs,2,1
2,166,Bs,2,1
1,167,Bs,2,1
5,194,Bs,2,1
4,174,Bs,2,1
3,184,Bs,2,1
3,180,Bs,2,1
3,182,Bs,2,1
3,181,Bs,2,1
3,182,Bs,2,1
3,182,Bs,2,1
3,179,Bs,2,1
3,182,Bs,2,1
3,183,Bs,2,1
3,179,Bs,2,1
2,167,Bs,2,1
3,177,Bs,2,1
3,182,Bs,2,1
3,182,Bs,2,1
3,178,Bs,2,1
3,177,Bs,2,1
3,176,Bs,2,1
3,177,Bs,2,1
3,179,Bs,2,1
3,178,Bs,2,1
3,181,Bs,2,1
3,178,Bs,2,1
3,183,Bs,2,1
3,180,Bs,2,1
3,182,Bs,2,1
3,182,Bs,2,1
3,181,Bs,2,1
3,183,Bs,2,1
3,183,Bs,2,1
3,180,Bs,2,1
3,180,Bs,2,1
3,181,Bs,2,1
3,182,Bs,2,1
3,185,Bs,2,1
3,183,Bs,2,1
3,179,Bs,2,1
3,182,Bs,2,1
3,180,Bs,2,1
3,180,Bs,2,1
3,182,Bs,2,1
3,180,Bs,2,1
3,180,Bs,2,1
3,180,Bs,2,1
3,177,Bs,2,1
3,182,Bs,2,1
3,181,Bs,2,1
3,182,Bs,2,1
3,183,Bs,2,1
2,167,Bs,2,1
2,167,Bs,2,1
2,169,Bs,2,1
2,167,Bs,2,1
2,167,Bs,2,1
2,167,Bs,2,1
3,189,Bs,2,1
2,167,Bs,2,1
2,167,Bs,2,1
3,188,Bs,2,1
2,167,Bs,2,1
2,167,Bs,2,1
2,167,Bs,2,1
3,188,Bs,2,1
2,167,Bs,2,1
3,188,Bs,2,1
2,167,Bs,2,1
2,167,Bs,2,1
2,167,Bs,2,1
2,167,Bs,2,1
2,167,Bs,2,1
2,167,Bs,2,1
2,167,Bs,2,1
3,190,Bs,2,1
3,190,Bs,2,1
3,189,Bs,2,1
3,190,Bs,2,1
2,167,Bs,2,1
3,190,Bs,2,1
3,190,Bs,2,1
3,190,Bs,2,1
2,167,Bs,2,1
2,167,Bs,2,1
2,167,Bs,2,1
3,190,Bs,2,1
3,190,Bs,2,1
3,189,Bs,2,1
3,189,Bs,2,1
2,167,Bs,2,1
3,190,Bs,2,1
3,190,Bs,2,1
3,189,Bs,2,1
3,189,Bs,3,1
2,167,Bs,3,1
2,167,Bs,3,1
2,167,Bs,3,1
2,167,Bs,3,1
2,167,Bs,3,1
3,190,Bs,3,1
3,189,Bs,3,1
3,190,Bs,3,1
3,190,Bs,3,1
3,190,Bs,3,1
3,191,Bs,3,1
3,190,Bs,3,1
3,190,Bs,3,1
3,191,Bs,3,1
3,190,Bs,3,1
3,190,Bs,3,1
3,189,Bs,3,1
3,189,Bs,3,1
3,190,Bs,3,1
3,190,Bs,3,1
3,190,Bs,3,1
3,190,Bs,3,1
3,190,Bs,3,1
3,190,Bs,3,1
3,190,Bs,3,1
3,189,Bs,3,1
3,189,Bs,3,1
3,189,Bs,3,1
3,190,Bs,3,1
3,190,Bs,3,1
3,189,Bs,3,1
3,189,Bs,3,1
3,189,Bs,3,1
2,167,Bs,3,1
3,189,Bs,3,1
3,189,Bs,3,1
3,189,Bs,3,1
3,189,Bs,3,1
3,189,Bs,3,1
3,189,Bs,3,1
3,189,Bs,3,1
3,189,Bs,3,1
3,189,Bs,3,1
3,189,Bs,3,1
2,167,Bs,3,1
2,167,Bs,3,1
3,190,Bs,3,1
2,167,Bs,3,1
2,167,Bs,3,1
3,190,Bs,3,1
3,190,Bs,3,1
3,189,Bs,3,1
2,167,Bs,3,1
3,189,Bs,3,1
3,189,Bs,3,1
3,189,Bs,3,1
2,167,Bs,3,1
3,189,Bs,3,1
3,189,Bs,3,1
3,188,Bs,3,1
3,189,Bs,3,1
3,189,Bs,3,1
3,189,Bs,3,1
3,189,Bs,3,1
2,167,Bs,3,1
2,167,Bs,3,1
2,167,Bs,3,1
3,189,Bs,3,1
2,167,Bs,3,1
2,167,Bs,3,1
2,167,Bs,3,1
3,189,Bs,3,1
2,167,Bs,3,1
2,167,Bs,3,1
3,190,Bs,3,1
2,168,Bs,3,1
3,190,Bs,3,1
3,189,Bs,3,1
2,167,Bs,3,1
2,167,Bs,3,1
2,167,Bs,3,1
2,167,Bs,3,1
2,167,Bs,3,1
2,168,Bs,3,1
2,167,Bs,3,1
2,167,Bs,3,1
2,167,Bs,3,1
2,167,Bs,3,1
2,168,Bs,3,1
2,167,Bs,3,1
3,187,Bs,3,1
3,190,Bs,3,1
3,189,Bs,3,1
2,167,Bs,3,1
2,167,Bs,3,1
3,188,Bs,3,1
3,189,Bs,3,1
2,167,Bs,3,1
3,189,Bs,3,1
3,190,Bs,3,1
3,189,Bs,3,1
2,167,Bs,3,1
2,167,Bs,3,1
2,167,Bs,3,1
2,167,Bs,3,1
3,190,Bs,3,1
3,189,Bs,3,1
2,167,Bs,3,1
3,189,Bs,3,1
2,167,Bs,3,1
2,167,Bs,3,1
2,167,Bs,3,1
5,210,Bs,3,1
3,189,Bs,3,1
3,189,Bs,3,1
2,167,Bs,3,1
3,189,Bs,3,1
3,189,Bs,3,1
3,189,Bs,3,1
3,189,Bs,3,1
3,189,Bs,3,1
3,189,Bs,3,1
3,189,Bs,3,1
3,189,Bs,3,1
3,190,Bs,3,1
2,167,Bs,3,1
5,210,Bs,3,1
3,189,Bs,3,1
3,189,Bs,3,1
3,189,Bs,3,1
3,189,Bs,3,1
3,189,Bs,3,1
2,165,Bs,3,1
2,169,Bs,3,1
2,169,Bs,3,1
2,169,Bs,3,1
5,186,Bs,3,1
5,193,Bs,3,1
4,168,Bs,3,1
3,193,Bs,3,1
2,170,Bs,3,1
1,166,Bs,3,1
5,195,Bs,3,1
4,167,Bs,3,1
3,193,Bs,3,1
2,170,Bs,3,1
1,166,Bs,3,1
5,194,Bs,3,1
4,169,Bs,3,1
3,193,Bs,3,1
2,170,Bs,3,1
1,166,Bs,3,1
5,195,Bs,3,1
4,168,Bs,3,1
3,193,Bs,3,1
2,170,Bs,3,1
1,165,Bs,3,1
5,195,Bs,3,1
4,168,Bs,3,1
3,193,Bs,3,1
2,170,Bs,3,1
1,166,Bs,3,1
5,189,Bs,3,1
4,167,Bs,3,1
3,193,Bs,3,1
2,170,Bs,3,1
5,181,Bs,3,1
4,167,Bs,3,1
3,192,Bs,3,1
2,169,Bs,3,1
1,165,Bs,3,1
5,184,Bs,3,1
4,167,Bs,3,1
3,193,Bs,3,1
2,170,Bs,3,1
1,166,Bs,3,1
5,186,Bs,3,1
4,169,Bs,3,1
3,193,Bs,3,1
2,169,Bs,3,1
1,166,Bs,3,1
5,188,Bs,3,1
4,166,Bs,3,1
3,193,Bs,3,1
2,170,Bs,3,1
1,166,Bs,3,1
5,184,Bs,3,1
4,167,Bs,3,1
3,193,Bs,3,1
2,170,Bs,3,1
5,189,Bs,3,1
4,168,Bs,3,1
3,193,Bs,3,1
2,171,Bs,3,1
1,165,Bs,3,1
5,190,Bs,3,1
4,167,Bs,3,1
3,193,Bs,3,1
2,170,Bs,3,1
2,171,Bs,3,1
1,167,Bs,3,1
5,190,Bs,3,1
4,167,Bs,3,1
3,193,Bs,3,1
2,170,Bs,3,1
1,167,Bs,3,1
5,189,Bs,3,1
4,168,Bs,3,1
3,193,Bs,3,1
2,170,Bs,3,1
1,166,Bs,3,1
5,191,Bs,3,1
4,168,Bs,3,1
3,193,Bs,3,1
2,171,Bs,3,1
1,167,Bs,3,1
5,191,Bs,3,1
4,169,Bs,3,1
2,171,Bs,3,1
1,165,Bs,3,1
5,191,Bs,3,1
4,169,Bs,3,1
3,193,Bs,3,1
2,171,Bs,3,1
2,170,Bs,3,1
1,166,Bs,3,1
5,193,Bs,3,1
4,168,Bs,3,1
3,193,Bs,3,1
2,170,Bs,3,1
1,166,Bs,3,1
5,191,Bs,3,1
4,168,Bs,3,1
3,193,Bs,3,1
2,170,Bs,3,1
1,165,Bs,3,1
5,192,Bs,3,1
4,168,Bs,3,1
3,193,Bs,3,1
2,170,Bs,3,1
1,165,Bs,3,1
5,192,Bs,3,1
4,168,Bs,3,1
3,193,Bs,3,1
2,170,Bs,3,1
1,167,Bs,3,1
5,189,Bs,3,1
4,169,Bs,3,1
3,193,Bs,3,1
2,171,Bs,3,1
2,171,Bs,3,1
1,166,Bs,3,1
5,186,Bs,3,1
4,168,Bs,3,1
3,193,Bs,3,1
2,170,Bs,3,1
1,166,Bs,3,1
5,189,Bs,3,1
4,168,Bs,3,1
3,193,Bs,3,1
2,171,Bs,3,1
1,165,Bs,3,1
4,169,Bs,3,1
3,193,Bs,3,1
2,170,Bs,3,1
1,166,Bs,3,1
5,191,Bs,3,1
4,169,Bs,3,1
3,193,Bs,3,1
2,170,Bs,3,1
1,165,Bs,3,1
5,192,Bs,3,1
4,169,Bs,3,1
3,193,Bs,3,1
2,170,Bs,3,1
1,166,Bs,3,1
5,190,Bs,3,1
4,169,Bs,3,1
3,193,Bs,3,1
2,170,Bs,3,1
1,166,Bs,3,1
5,187,Bs,3,1
4,168,Bs,3,1
3,193,Bs,3,1
2,170,Bs,3,1
1,165,Bs,3,1
5,192,Bs,3,1
4,168,Bs,3,1
3,193,Bs,3,1
2,170,Bs,3,1
1,167,Bs,3,1
5,191,Bs,3,1
4,169,Bs,3,1
3,193,Bs,3,1
2,170,Bs,3,1
1,166,Bs,3,1
5,192,Bs,3,1
4,169,Bs,3,1
3,193,Bs,3,1
2,170,Bs,3,1
1,166,Bs,3,1
5,191,Bs,3,1
4,168,Bs,3,1
3,193,Bs,3,1
2,170,Bs,3,1
1,166,Bs,3,1
5,189,Bs,3,1
4,168,Bs,3,1
3,193,Bs,3,1
2,170,Bs,3,1
1,166,Bs,3,1
5,191,Bs,3,1
4,168,Bs,3,1
3,193,Bs,3,1
2,171,Bs,3,1
1,165,Bs,3,1
5,191,Bs,3,1
4,169,Bs,3,1
3,193,Bs,3,1
2,170,Bs,3,1
1,165,Bs,3,1
5,190,Bs,3,1
4,169,Bs,3,1
3,193,Bs,3,1
2,170,Bs,3,1
1,166,Bs,3,1
5,193,Bs,3,1
4,168,Bs,3,1
3,193,Bs,3,1
2,170,Bs,3,1
1,167,Bs,3,1
5,188,Bs,3,1
4,169,Bs,3,1
3,193,Bs,3,1
2,170,Bs,3,1
1,165,Bs,3,1
5,191,Bs,3,1
4,168,Bs,3,1
3,193,Bs,3,1
2,171,Bs,3,1
1,166,Bs,3,1
5,192,Bs,3,1
4,168,Bs,3,1
3,193,Bs,3,1
2,171,Bs,3,1
1,165,Bs,3,1
5,191,Bs,3,1
4,168,Bs,3,1
3,193,Bs,3,1
2,170,Bs,3,1
2,171,Bs,3,1
1,165,Bs,3,1
5,190,Bs,3,1
4,168,Bs,3,1
3,193,Bs,3,1
2,170,Bs,3,1
1,165,Bs,3,1
5,188,Bs,3,1
4,168,Bs,3,1
3,193,Bs,3,1
2,170,Bs,3,1
1,167,Bs,3,1
5,188,Bs,3,1
4,168,Bs,3,1
3,193,Bs,3,1
2,170,Bs,3,1
1,165,Bs,3,1
5,191,Bs,3,1
4,168,Bs,3,1
3,193,Bs,3,1
2,170,Bs,3,1
1,165,Bs,3,1
5,190,Bs,3,1
4,168,Bs,3,1
3,193,Bs,3,1
2,170,Bs,3,1
1,167,Bs,3,1
5,190,Bs,3,1
4,168,Bs,3,1
2,171,Bs,3,1
2,170,Bs,3,1
1,165,Bs,3,1
5,191,Bs,3,1
4,168,Bs,3,1
3,193,Bs,3,1
2,170,Bs,3,1
1,166,Bs,3,1
5,189,Bs,3,1
4,169,Bs,3,1
3,193,Bs,3,1
2,170,Bs,3,1
1,165,Bs,3,1
5,190,Bs,3,1
4,169,Bs,3,1
3,193,Bs,3,1
2,171,Bs,3,1
1,167,Bs,3,1
5,190,Bs,3,1
4,169,Bs,3,1
2,171,Bs,3,1
2,170,Bs,3,1
1,167,Bs,3,1
5,196,Bs,3,1
4,169,Bs,3,1
3,193,Bs,3,1
2,170,Bs,3,1
1,165,Bs,3,1
5,196,Bs,3,1
4,168,Bs,3,1
3,193,Bs,3,1
2,170,Bs,3,1
1,165,Bs,3,1
5,194,Bs,3,1
4,169,Bs,3,1
3,193,Bs,3,1
1,166,Bs,3,1
5,195,Bs,3,1
4,169,Bs,3,1
3,193,Bs,3,1
2,170,Bs,3,1
1,167,Bs,3,1
5,194,Bs,3,1
4,169,Bs,3,1
3,193,Bs,3,1
2,170,Bs,3,1
1,165,Bs,3,1
5,194,Bs,3,1
4,169,Bs,3,1
3,193,Bs,3,1
2,169,Bs,3,1
1,166,Bs,3,1
5,195,Bs,3,1
4,170,Bs,3,1
3,193,Bs,3,1
2,170,Bs,3,1
1,165,Bs,3,1
5,195,Bs,3,1
4,169,Bs,3,1
3,193,Bs,3,1
2,170,Bs,3,1
2,171,Bs,3,1
2,170,Bs,3,1
1,166,Bs,3,1
5,196,Bs,3,1
4,169,Bs,3,1
3,193,Bs,3,1
2,170,Bs,3,1
1,166,Bs,3,1
5,195,Bs,3,1
4,169,Bs,3,1
2,170,Bs,3,1
1,166,Bs,3,1
5,198,Bs,3,1
4,169,Bs,3,1
3,193,Bs,3,1
2,170,Bs,3,1
1,165,Bs,3,1
5,196,Bs,3,1
4,170,Bs,3,1
3,194,Bs,3,1
2,171,Bs,3,1
1,166,Bs,3,1
5,197,Bs,3,1
4,168,Bs,3,1
3,194,Bs,3,1
2,170,Bs,3,1
1,166,Bs,3,1
5,196,Bs,3,1
4,169,Bs,3,1
3,193,Bs,3,1
2,170,Bs,3,1
2,170,Bs,3,1
5,197,Bs,3,1
3,194,Bs,3,1
4,169,Bs,3,1
2,171,Bs,3,1
1,165,Bs,3,1
5,196,Bs,3,1
3,194,Bs,3,1
2,171,Bs,3,1
1,166,Bs,3,1
5,195,Bs,3,1
1,165,Bs,3,1
1,166,Bs,3,1
5,196,Bs,3,1
4,169,Bs,3,1
3,194,Bs,3,1
2,170,Bs,3,1
1,165,Bs,3,1
2,171,Bs,3,1
1,166,Bs,3,1
5,197,Bs,3,1
3,194,Bs,3,1
1,166,Bs,3,1
5,196,Bs,3,1
4,169,Bs,3,1
2,171,Bs,3,1
1,165,Bs,3,1
5,196,Bs,3,1
3,194,Bs,3,1
2,170,Bs,3,1
1,166,Bs,3,1
5,197,Bs,3,1
4,169,Bs,3,1
3,194,C,1,1
2,171,C,1,1
1,166,C,1,1
5,195,C,1,1
4,169,C,1,1
3,194,C,1,1
2,171,C,1,1
1,165,C,1,1
5,193,C,1,1
4,169,C,1,1
3,194,C,1,1
2,170,C,1,1
1,166,C,1,1
5,195,C,1,1
4,168,C,1,1
3,194,C,1,1
2,170,C,1,1
1,165,C,1,1
5,197,C,1,1
4,169,C,1,1
3,194,C,1,1
2,170,C,1,1
1,166,C,1,1
5,196,C,1,1
4,170,C,1,1
3,193,C,1,1
2,171,C,1,1
1,166,C,1,1
5,195,C,1,1
4,168,C,1,1
2,170,C,1,1
2,171,C,1,1
1,166,C,1,1
5,195,C,1,1
4,169,C,1,1
2,171,C,1,1
1,165,C,1,1
5,196,C,1,1
3,194,C,1,1
2,170,C,1,1
1,166,C,1,1
5,197,C,1,1
4,169,C,1,1
3,194,C,1,1
2,170,C,1,1
1,166,C,1,1
5,191,C,1,1
4,166,C,1,1
4,164,C,1,1
5,175,C,1,1
4,165,C,1,1
3,164,C,1,1
2,166,C,1,1
1,179,C,1,1
5,174,C,1,1
4,164,C,1,1
3,164,C,1,1
2,166,C,1,1
1,178,C,1,1
1,178,C,1,1
5,174,C,1,1
4,165,C,1,1
3,165,C,1,1
2,167,C,1,1
1,178,C,1,1
4,165,C,1,1
3,164,C,1,1
2,166,C,1,1
1,178,C,1,1
5,175,C,1,1
4,165,C,1,1
3,164,C,1,1
2,166,C,1,1
1,178,C,1,1
5,176,C,1,1
4,164,C,1,1
3,164,C,1,1
2,166,C,1,1
5,175,C,1,1
3,165,C,1,1
2,166,C,1,1
1,178,C,1,1
1,178,C,1,1
5,171,C,1,1
4,164,C,1,1
3,164,C,1,1
5,171,C,1,1
3,165,C,1,1
4,164,C,1,1
2,166,C,1,1
1,177,C,1,1
4,164,C,1,1
1,178,C,1,1
4,165,C,1,1
4,164,C,1,1
3,164,C,1,1
1,179,C,1,1
5,175,C,1,1
4,164,C,1,1
3,164,C,1,1
2,166,C,1,1
1,179,C,1,1
1,178,C,1,1
1,179,C,1,1
4,165,C,1,1
3,164,C,1,1
1,179,C,1,1
5,174,C,1,1
4,165,C,1,1
3,164,C,1,1
1,177,C,1,1
1,177,C,1,1
1,178,C,1,1
1,177,C,1,1
1,178,C,1,1
1,178,C,1,1
1,178,C,1,1
5,173,C,1,1
4,164,C,1,1
3,164,C,1,1
1,178,C,1,1
1,177,C,1,1
1,177,C,1,1
1,178,C,1,1
1,178,C,1,1
1,177,C,1,1
1,177,C,1,1
5,174,C,1,1
4,165,C,1,1
3,165,C,1,1
1,177,C,1,1
1,178,C,1,1
1,178,C,1,1
5,173,C,1,1
4,165,C,1,1
3,165,C,1,1
1,178,C,1,1
1,179,C,1,1
1,178,C,1,1
1,178,C,1,1
1,178,C,1,1
5,175,C,1,1
4,164,C,1,1
3,164,C,1,1
1,179,C,1,1
5,178,C,1,1
4,165,C,1,1
3,164,C,1,1
2,166,C,1,1
1,179,C,1,1
5,181,C,1,1
4,164,C,1,1
3,165,C,1,1
2,167,C,1,1
1,178,C,1,1
5,175,C,1,1
4,165,C,1,1
3,165,C,1,1
2,166,C,1,1
1,179,C,1,1
5,182,C,1,1
4,165,C,1,1
3,165,C,1,1
2,166,C,1,1
1,178,C,1,1
5,176,C,1,1
4,165,C,1,1
3,165,C,1,1
2,167,C,1,1
1,179,C,1,1
4,165,C,1,1
3,165,C,1,1
2,166,C,1,1
1,178,C,1,1
5,178,C,1,1
4,165,C,1,1
3,165,C,1,1
1,177,C,1,1
5,179,C,1,1
3,165,C,1,1
1,177,C,1,1
5,177,C,1,1
4,165,C,1,1
2,167,C,1,1
1,178,C,1,1
5,186,C,1,1
4,164,C,1,1
4,164,C,1,1
2,166,C,1,1
5,179,C,1,1
4,164,C,1,1
3,165,C,1,1
2,166,C,1,1
1,178,C,1,1
5,179,C,1,1
4,164,C,1,1
3,165,C,1,1
2,167,C,1,1
1,178,C,1,1
5,179,C,1,1
4,164,C,1,1
3,165,C,1,1
2,167,C,1,1
5,177,C,1,1
4,164,C,1,1
3,165,C,1,1
2,167,C,1,1
5,178,C,1,1
4,164,C,1,1
3,165,C,1,1
2,167,C,1,1
5,179,C,1,1
4,164,C,1,1
3,164,C,1,1
2,167,C,1,1
1,177,C,1,1
5,179,C,1,1
4,164,C,1,1
1,178,C,1,1
5,179,C,1,1
4,164,C,1,1
3,164,C,1,1
2,166,C,1,1
1,178,C,1,1
5,179,C,1,1
4,164,C,1,1
3,164,C,1,1
2,167,C,1,1
1,178,C,1,1
5,179,C,1,1
3,165,C,1,1
2,167,C,1,1
1,178,C,1,1
5,179,C,1,1
4,164,C,1,1
3,165,C,1,1
1,178,C,1,1
5,178,C,1,1
4,164,C,1,1
3,165,C,1,1
2,168,C,1,1
1,177,C,1,1
5,179,C,1,1
2,167,C,1,1
1,177,C,1,1
5,180,C,1,1
3,165,C,1,1
2,166,C,1,1
1,178,C,1,1
4,164,C,1,1
3,164,C,1,1
1,177,C,1,1
5,180,C,1,1
4,164,C,1,1
2,166,C,1,1
1,177,C,1,1
5,179,C,1,1
3,165,C,1,1
2,166,C,1,1
5,178,C,1,1
5,176,C,1,1
3,164,C,1,1
1,173,C,1,1
4,164,C,1,1
3,165,C,1,1
2,171,C,1,1
1,170,C,1,1
5,183,C,1,1
4,165,C,1,1
5,185,C,1,1
4,165,C,1,1
4,165,C,1,1
4,165,C,1,1
1,170,C,1,1
3,165,C,1,1
5,184,C,1,1
4,165,C,1,1
3,164,C,1,1
2,171,C,1,1
1,169,C,1,1
3,164,C,1,1
2,173,C,1,1
1,166,C,1,1
5,187,C,1,1
4,166,C,1,1
3,164,C,1,1
2,168,C,1,1
1,167,C,1,1
3,165,C,1,1
1,167,C,1,1
4,165,C,1,1
3,166,C,1,1
1,170,C,1,1
5,185,C,1,1
4,165,C,1,1
4,165,C,1,1
4,165,C,1,1
3,165,C,1,1
2,172,C,1,1
1,169,C,1,1
5,185,C,1,1
4,165,C,1,1
3,165,C,1,1
2,172,C,1,1
1,168,C,1,1
5,185,C,1,1
3,165,C,1,1
2,169,C,1,1
1,168,C,1,1
4,165,C,1,1
3,164,C,1,1
1,167,C,1,1
4,166,C,1,1
3,165,C,1,1
2,170,C,1,1
2,168,C,1,1
5,185,C,1,1
4,165,C,1,1
2,168,C,1,1
1,167,C,1,1
5,185,C,1,1
4,165,C,1,1
3,165,C,1,1
2,168,C,1,1
1,167,C,1,1
5,186,C,1,1
4,165,C,1,1
3,164,C,1,1
2,170,C,1,1
1,168,C,1,1
5,186,C,1,1
4,165,C,1,1
3,165,C,1,1
2,167,C,1,1
1,168,C,1,1
5,185,C,1,1
4,164,C,1,1
4,164,C,1,1
5,185,C,1,1
5,187,C,1,1
4,166,C,1,1
4,165,C,1,1
2,168,C,1,1
1,167,C,1,1
5,184,C,1,1
4,164,C,1,1
4,165,C,1,1
4,165,C,1,1
4,164,C,1,1
4,165,C,1,1
4,165,C,1,1
4,165,C,1,1
4,165,C,1,1
4,165,C,1,1
4,165,C,1,1
4,165,C,1,1
3,165,C,1,1
2,166,C,1,1
1,171,C,1,1
5,183,C,1,1
3,164,C,1,1
2,169,C,1,1
1,169,C,1,1
5,184,C,1,1
4,165,C,1,1
4,164,C,1,1
3,165,C,1,1
2,168,C,1,1
5,181,C,1,1
4,165,C,1,1
4,164,C,1,1
4,165,C,1,1
4,165,C,1,1
3,164,C,1,1
2,165,C,1,1
1,169,C,1,1
4,164,C,1,1
4,165,C,1,1
4,165,C,1,1
4,165,C,1,1
4,165,C,1,1
4,165,C,1,1
4,165,C,1,1
4,165,C,1,1
4,165,C,1,1
3,165,C,1,1
2,168,C,1,1
1,170,C,1,1
5,180,C,1,1
4,165,C,1,1
3,165,C,1,1
2,168,C,1,1
1,168,C,1,1
4,165,C,1,1
4,165,C,1,1
3,164,C,1,1
2,168,C,1,1
1,168,C,1,1
4,165,C,1,1
4,165,C,1,1
2,173,C,1,1
1,165,C,1,1
5,182,C,1,1
4,165,C,1,1
3,164,C,1,1
2,167,C,1,1
1,165,C,1,1
4,165,C,1,1
3,165,C,1,1
2,165,C,1,1
1,167,C,1,1
4,165,C,1,1
4,165,C,1,1
4,165,C,1,1
3,164,C,1,1
2,165,C,1,1
1,168,C,1,1
4,165,C,1,1
4,165,C,1,1
4,165,C,1,1
3,164,C,1,1
2,171,C,1,1
1,168,C,1,1
5,183,C,1,1
4,165,C,1,1
2,170,C,1,1
1,165,C,1,1
3,164,C,1,1
2,170,C,1,1
1,167,C,1,1
3,164,C,1,1
2,170,C,1,1
4,164,C,1,1
4,165,C,1,1
3,165,C,1,1
4,165,C,1,1
3,164,C,1,1
1,167,C,1,1
3,164,C,1,1
2,165,C,1,1
1,166,C,1,1
4,165,C,1,1
4,164,C,1,1
4,165,C,1,1
4,165,C,1,1
4,165,C,1,1
4,165,C,1,1
3,166,C,1,1
2,166,C,1,1
1,167,C,1,1
4,166,C,1,1
4,165,C,1,1
3,164,C,1,1
2,166,C,1,1
1,166,C,1,1
4,165,C,1,1
4,165,C,1,1
4,165,C,1,1
3,166,C,1,1
2,166,C,1,1
1,167,C,1,1
4,165,C,1,1
4,165,C,1,1
4,165,C,1,1
4,165,C,1,1
4,166,C,1,1
4,166,C,1,1
4,166,C,1,1
4,166,C,1,1
3,164,C,1,1
2,165,C,1,1
1,167,C,1,1
4,165,C,1,1
4,166,C,1,1
4,165,C,1,1
4,165,C,1,1
4,166,C,1,1
4,166,C,1,1
4,165,An,1,1
4,165,An,1,1
4,166,An,1,1
4,166,An,1,1
4,165,An,1,1
4,166,An,1,1
4,166,An,1,1
4,166,An,1,1
4,166,An,1,1
4,165,An,1,1
4,165,An,1,1
4,165,An,1,1
4,166,An,1,1
4,165,An,1,1
3,165,An,1,1
2,167,An,1,1
1,170,An,1,1
4,165,An,1,1
4,165,An,1,1
4,165,An,1,1
4,165,An,1,1
4,167,An,1,1
4,166,An,1,1
4,166,An,1,1
4,166,An,1,1
4,166,An,1,1
4,165,An,1,1
4,165,An,1,1
4,165,An,1,1
4,165,An,1,1
4,165,An,1,1
4,165,An,1,1
4,167,An,1,1
4,167,An,1,1
4,167,An,1,1
4,166,An,1,1
4,166,An,1,1
4,166,An,1,1
3,164,An,1,1
2,166,An,1,1
1,168,An,1,1
4,165,An,1,1
2,167,An,1,1
1,169,An,1,1
4,165,An,1,1
4,165,An,1,1
3,164,An,1,1
2,165,An,1,1
1,168,An,1,1
4,165,An,1,1
4,165,An,1,1
4,165,An,1,1
4,165,An,1,1
4,165,An,1,1
3,164,An,1,1
2,165,An,1,1
1,170,An,1,1
4,165,An,1,1
3,164,An,1,1
2,164,An,1,1
1,168,An,1,1
4,165,An,1,1
4,164,An,1,1
4,164,An,1,1
4,164,An,1,1
4,165,An,1,1
4,164,An,1,1
4,165,An,1,1
4,165,An,1,1
4,165,An,1,1
4,164,An,1,1
4,164,An,1,1
4,164,An,1,1
3,164,An,1,1
2,173,An,1,1
5,185,An,1,1
4,165,An,1,1
3,165,An,1,1
2,177,An,1,1
1,173,An,1,1
5,182,An,1,1
4,167,An,1,1
1,170,An,1,1
5,180,An,1,1
5,179,An,1,1
4,166,An,1,1
4,165,An,1,1
4,166,An,1,1
5,181,An,1,1
5,182,An,1,1
4,164,An,1,1
5,180,An,1,1
5,180,An,1,1
5,180,An,1,1
5,180,An,1,1
5,178,An,1,1
5,177,An,1,1
5,180,An,1,1
4,164,An,1,1
1,170,An,1,1
4,165,An,1,1
3,165,An,1,1
2,170,An,1,1
1,171,An,1,1
5,183,An,1,1
4,165,An,1,1
3,165,An,1,1
2,170,An,1,1
1,171,An,1,1
5,182,An,1,1
4,166,An,1,1
3,165,An,1,1
2,170,An,1,1
1,172,An,1,1
5,182,An,1,1
4,166,An,1,1
3,165,An,1,1
2,169,An,1,1
1,172,An,1,1
4,165,An,1,1
3,165,An,1,1
2,169,An,1,1
1,171,An,1,1
5,182,An,1,1
4,166,An,1,1
4,166,An,1,1
3,165,An,1,1
2,170,An,1,1
1,172,An,1,1
5,185,An,1,1
4,166,An,1,1
2,169,An,1,1
1,172,An,1,1
5,184,An,1,1
4,166,An,1,1
3,165,An,1,1
2,170,An,1,1
1,172,An,1,1
5,185,An,1,1
4,166,An,1,1
3,166,An,1,1
2,170,An,1,1
1,171,An,1,1
5,173,An,1,1
4,166,An,1,1
3,165,An,1,1
2,170,An,1,1
1,172,An,1,1
5,182,An,1,1
4,166,An,1,1
3,165,An,1,1
2,170,An,1,1
1,170,An,1,1
4,166,An,1,1
4,166,An,1,1
3,165,An,1,1
2,170,An,1,1
5,181,An,1,1
4,169,An,1,1
5,172,An,1,1
4,166,An,1,1
1,183,An,1,1
1,174,An,1,1
5,183,An,1,1
4,170,An,1,1
3,165,An,1,1
2,175,An,1,1
1,179,An,1,1
5,181,An,1,1
4,170,An,1,1
3,165,An,1,1
2,175,An,1,1
1,180,An,1,1
5,179,An,1,1
4,170,An,1,1
3,164,An,1,1
2,175,An,1,1
1,179,An,1,1
5,183,An,1,1
4,170,An,1,1
3,165,An,1,1
2,175,An,1,1
1,179,An,1,1
5,182,An,1,1
4,169,An,1,1
3,164,An,1,1
2,175,An,1,1
1,180,An,1,1
5,183,An,1,1
4,170,An,1,1
3,165,An,1,1
2,175,An,1,1
1,178,An,1,1
5,183,An,1,1
4,170,An,1,1
3,164,An,1,1
2,175,An,1,1
1,179,An,1,1
5,181,An,1,1
4,170,An,1,1
3,164,An,1,1
2,176,An,1,1
1,179,An,1,1
5,182,An,1,1
4,170,An,1,1
3,164,An,1,1
2,175,An,1,1
1,180,An,1,1
5,180,An,1,1
4,170,An,1,1
3,165,An,1,1
2,175,An,1,1
1,180,An,1,1
5,182,An,1,1
4,170,An,1,1
3,165,An,1,1
2,174,An,1,1
1,179,An,1,1
5,181,An,1,1
4,170,An,1,1
3,165,An,1,1
2,175,An,1,1
1,178,An,1,1
5,181,An,1,1
4,170,An,1,1
3,164,An,1,1
2,175,An,1,1
1,179,An,1,1
5,182,An,1,1
4,169,An,1,1
3,165,An,1,1
2,175,An,1,1
1,179,An,1,1
5,182,An,1,1
4,170,An,1,1
3,164,An,1,1
2,175,An,1,1
1,179,An,1,1
5,183,An,1,1
4,168,An,1,1
3,164,An,1,1
2,176,An,1,1
1,179,An,1,1
5,179,An,1,1
4,169,An,1,1
3,164,An,1,1
2,175,An,1,1
1,179,An,1,1
5,177,An,1,1
4,169,An,1,1
3,165,An,1,1
2,175,An,1,1
1,180,An,1,1
5,180,An,1,1
4,170,An,1,1
3,165,An,1,1
2,175,An,1,1
1,179,An,1,1
5,180,An,1,1
4,170,An,1,1
3,165,An,1,1
2,175,An,1,1
1,180,An,1,1
5,181,An,1,1
4,168,An,1,1
3,168,An,1,1
1,179,An,1,1
5,179,An,1,1
4,169,An,1,1
3,164,An,1,1
2,175,An,1,1
1,178,An,1,1
5,182,An,1,1
4,170,An,1,1
3,165,An,1,1
2,175,An,1,1
1,179,An,1,1
5,181,An,1,1
4,170,An,1,1
3,164,An,1,1
2,175,An,1,1
1,179,An,1,1
5,181,An,1,1
4,170,An,1,1
3,165,An,1,1
2,175,An,1,1
1,180,An,1,1
5,182,An,1,1
4,170,An,1,1
3,164,An,1,1
2,175,An,1,1
1,179,An,1,1
5,181,An,1,1
4,170,An,1,1
3,165,An,1,1
2,175,An,1,1
1,180,An,1,1
5,183,An,1,1
4,170,An,1,1
3,165,An,1,1
2,175,An,1,1
1,179,An,1,1
5,181,An,1,1
4,170,An,1,1
3,164,An,1,1
2,176,An,1,1
1,179,An,1,1
5,182,An,1,1
4,170,An,1,1
3,165,An,1,1
2,176,An,1,1
1,179,An,1,1
5,177,An,1,1
4,169,An,1,1
3,164,An,1,1
2,174,An,1,1
1,179,An,1,1
5,177,An,1,1
4,169,An,1,1
3,164,An,1,1
2,175,An,1,1
1,179,An,1,1
5,173,An,1,1
4,168,An,1,1
3,165,An,1,1
2,175,An,1,1
1,179,An,1,1
5,173,An,1,1
4,168,An,1,1
3,163,An,1,1
2,175,An,1,1
1,179,An,1,1
4,169,An,1,1
3,164,An,1,1
2,175,An,1,1
1,179,An,1,1
5,188,An,1,1
4,170,An,1,1
3,164,An,1,1
2,175,An,1,1
1,179,An,1,1
1,180,An,1,1
4,169,An,1,1
3,164,An,1,1
2,176,An,1,1
1,179,An,1,1
5,173,An,1,1
4,169,An,1,1
4,168,An,1,1
4,168,An,1,1
3,165,An,1,1
2,175,An,1,1
1,180,An,1,1
1,180,An,1,1
5,179,An,1,1
4,168,An,1,1
3,164,An,1,1
1,179,An,1,1
1,179,An,1,1
5,172,An,1,1
4,168,An,1,1
3,164,An,1,1
1,179,An,1,1
1,179,An,1,1
5,174,An,1,1
4,168,An,1,1
3,164,An,1,1
2,175,An,1,1
1,180,An,1,1
5,176,An,1,1
4,170,An,1,1
3,164,An,1,1
2,175,An,1,1
1,180,An,1,1
5,178,An,1,1
4,169,An,1,1
3,165,An,1,1
2,174,An,1,1
1,179,An,1,1
5,185,An,1,1
4,170,An,1,1
3,165,An,1,1
2,173,An,1,1
1,179,An,1,1
5,180,An,1,1
4,167,An,1,1
3,165,An,1,1
2,174,An,1,1
1,180,An,1,1
5,185,An,1,1
4,170,An,1,1
3,165,An,1,1
2,174,An,1,1
1,179,An,1,1
5,185,An,1,1
4,170,An,1,1
3,165,An,1,1
2,174,An,1,1
5,182,An,2,1
4,171,An,2,1
3,164,An,2,1
2,174,An,2,1
1,180,An,2,1
5,179,An,2,1
4,170,An,2,1
2,173,An,2,1
1,179,An,2,1
5,180,An,2,1
4,170,An,2,1
3,165,An,2,1
2,174,An,2,1
1,178,An,2,1
5,184,An,2,1
4,170,An,2,1
3,164,An,2,1
2,174,An,2,1
1,179,An,2,1
5,182,An,2,1
4,171,An,2,1
3,165,An,2,1
2,174,An,2,1
1,179,An,2,1
5,181,An,2,1
4,170,An,2,1
3,166,An,2,1
2,173,An,2,1
1,179,An,2,1
5,181,An,2,1
4,170,An,2,1
3,164,An,2,1
2,173,An,2,1
1,183,An,2,1
1,183,An,2,1
4,164,An,2,1
4,166,An,2,1
1,177,An,2,1
5,179,An,2,1
1,179,An,2,1
4,165,An,2,1
4,164,An,2,1
4,164,An,2,1
4,164,An,2,1
4,163,An,2,1
4,163,An,2,1
4,164,An,2,1
4,163,An,2,1
4,163,An,2,1
4,164,An,2,1
4,163,An,2,1
4,165,An,2,1
4,163,An,2,1
4,163,An,2,1
4,163,An,2,1
5,184,An,2,1
4,164,An,2,1
4,164,An,2,1
5,185,An,2,1
4,164,An,2,1
4,164,An,2,1
4,164,An,2,1
5,184,An,2,1
5,184,An,2,1
5,183,An,2,1
4,163,An,2,1
4,163,An,2,1
5,184,An,2,1
4,163,An,2,1
5,184,An,2,1
4,163,An,2,1
5,184,An,2,1
4,164,An,2,1
5,186,An,2,1
5,183,An,2,1
5,183,An,2,1
5,184,An,2,1
5,185,An,2,1
5,185,An,2,1
5,185,An,2,1
5,184,An,2,1
5,185,An,2,1
5,185,An,2,1
5,184,An,2,1
5,185,An,2,1
5,185,An,2,1
5,185,An,2,1
5,183,An,2,1
5,181,An,2,1
4,164,An,2,1
5,183,An,2,1
5,183,An,2,1
5,184,An,2,1
5,183,An,2,1
5,179,An,2,1
4,164,An,2,1
5,178,An,2,1
4,163,An,2,1
3,163,An,2,1
2,168,An,2,1
1,185,An,2,1
5,185,An,2,1
4,163,An,2,1
3,164,An,2,1
2,168,An,2,1
1,185,An,2,1
5,185,An,2,1
4,163,An,2,1
4,163,An,2,1
4,164,An,2,1
3,163,An,2,1
2,168,An,2,1
1,185,An,2,1
5,184,An,2,1
4,163,An,2,1
3,163,An,2,1
2,168,An,2,1
1,185,An,2,1
5,183,An,2,1
4,163,An,2,1
3,163,An,2,1
2,168,An,2,1
1,185,An,2,1
5,183,An,2,1
4,163,An,2,1
3,163,An,2,1
2,168,An,2,1
1,185,An,2,1
5,182,An,2,1
4,163,An,2,1
2,168,An,2,1
5,183,An,2,1
4,163,An,2,1
3,163,An,2,1
2,168,An,2,1
1,185,An,2,1
5,184,An,2,1
4,163,An,2,1
3,163,An,2,1
2,166,An,2,1
5,184,An,2,1
4,163,An,2,1
3,163,An,2,1
2,167,An,2,1
1,185,An,2,1
4,163,An,2,1
2,166,An,2,1
1,185,An,2,1
5,183,An,2,1
4,163,An,2,1
3,163,An,2,1
2,168,An,2,1
5,183,An,2,1
4,163,An,2,1
2,168,An,2,1
5,183,An,2,1
4,164,An,2,1
3,163,An,2,1
1,185,An,2,1
4,164,An,2,1
3,163,An,2,1
1,185,An,2,1
5,184,An,2,1
4,163,An,2,1
3,163,An,2,1
2,167,An,2,1
1,185,An,2,1
5,185,An,2,1
4,163,An,2,1
3,163,An,2,1
2,168,An,2,1
1,185,An,2,1
5,183,An,2,1
4,164,An,2,1
3,163,An,2,1
2,164,An,2,1
1,186,An,2,1
5,184,An,2,1
4,163,An,2,1
3,163,An,2,1
2,165,An,2,1
5,184,An,2,1
3,164,An,2,1
2,166,An,2,1
2,165,An,2,1
1,185,An,2,1
5,184,An,2,1
4,163,An,2,1
1,185,An,2,1
5,184,An,2,1
4,163,An,2,1
3,163,An,2,1
5,183,An,2,1
4,163,An,2,1
3,163,An,2,1
3,163,An,2,1
3,163,An,2,1
2,163,An,2,1
1,185,An,2,1
1,185,An,2,1
5,183,An,2,1
4,164,An,2,1
3,164,An,2,1
2,166,An,2,1
1,186,An,2,1
5,184,An,2,1
3,164,An,2,1
2,167,An,2,1
1,186,An,2,1
5,183,An,2,1
4,163,An,2,1
3,163,An,2,1
1,186,An,2,1
5,183,An,2,1
4,163,An,2,1
3,163,An,2,1
2,167,An,2,1
1,186,An,2,1
5,184,An,2,1
4,163,An,2,1
3,164,An,2,1
2,166,An,2,1
1,185,An,2,1
5,184,An,2,1
4,163,An,2,1
3,163,An,2,1
2,167,An,2,1
1,186,An,2,1
5,183,An,2,1
4,163,An,2,1
4,163,An,2,1
2,167,An,2,1
5,184,An,2,1
5,184,An,2,1
5,185,An,2,1
5,185,An,2,1
5,184,An,2,1
5,185,An,2,1
5,185,An,2,1
4,163,An,2,1
3,163,An,2,1
2,165,An,2,1
5,184,An,2,1
5,185,An,2,1
5,185,An,2,1
5,185,An,2,1
5,185,An,2,1
5,185,An,2,1
5,185,An,2,1
5,185,An,2,1
5,185,An,2,1
5,185,An,2,1
4,163,An,2,1
3,163,An,2,1
2,166,An,2,1
5,184,An,2,1
4,163,An,2,1
3,164,An,2,1
2,165,An,2,1
3,163,An,2,1
2,166,An,2,1
5,185,An,2,1
4,163,An,2,1
3,163,An,2,1
2,165,An,2,1
5,184,An,2,1
4,163,An,2,1
4,163,An,2,1
5,183,An,2,1
5,183,An,2,1
5,187,An,2,1
3,163,An,2,1
2,165,An,2,1
5,185,An,2,1
5,183,An,2,1
5,183,An,2,1
5,183,An,2,1
5,185,An,2,1
5,183,An,2,1
5,184,An,2,1
5,183,An,2,1
5,184,An,2,1
5,184,An,2,1
5,184,An,2,1
3,163,An,2,1
2,165,An,2,1
1,185,An,2,1
5,184,An,2,1
4,163,An,2,1
5,183,An,2,1
5,184,An,2,1
5,184,An,2,1
4,163,An,2,1
3,163,An,2,1
5,180,An,2,1
4,163,An,2,1
4,163,An,2,1
4,163,An,2,1
4,163,An,2,1
5,182,An,2,1
4,163,An,2,1
4,163,An,2,1
5,180,An,2,1
4,163,An,2,1
3,163,An,2,1
2,166,An,2,1
5,186,An,2,1
3,164,An,2,1
2,165,An,2,1
3,163,An,2,1
2,166,An,2,1
1,186,An,2,1
5,184,An,2,1
2,165,An,2,1
5,184,An,2,1
4,164,An,2,1
3,163,An,2,1
2,165,An,2,1
1,185,An,2,1
5,185,An,2,1
4,163,An,2,1
3,164,An,2,1
2,165,An,2,1
1,185,An,2,1
5,184,An,2,1
5,183,An,2,1
5,184,An,2,1
4,163,An,2,1
3,163,An,2,1
3,163,An,2,1
2,165,An,2,1
1,185,An,2,1
5,184,An,2,1
4,163,An,2,1
4,164,An,2,1
2,164,An,2,1
1,186,An,2,1
4,166,An,2,1
5,186,An,2,1
4,163,An,2,1
3,163,An,2,1
2,164,An,2,1
5,181,An,2,1
5,185,An,2,1
5,186,An,2,1
5,186,An,2,1
4,163,An,2,1
4,163,An,2,1
3,163,An,2,1
2,169,An,2,1
1,185,An,2,1
5,185,An,2,1
4,163,An,2,1
4,163,An,3,1
3,163,An,3,1
2,166,An,3,1
5,186,An,3,1
5,186,An,3,1
4,163,An,3,1
3,163,An,3,1
2,167,An,3,1
1,186,An,3,1
4,163,An,3,1
4,163,An,3,1
1,186,An,3,1
5,186,An,3,1
4,163,An,3,1
4,163,An,3,1
3,163,An,3,1
2,168,An,3,1
1,186,An,3,1
4,163,An,3,1
4,163,An,3,1
4,163,An,3,1
4,163,An,3,1
5,184,An,3,1
4,164,An,3,1
4,163,An,3,1
5,184,An,3,1
4,163,An,3,1
4,164,An,3,1
5,185,An,3,1
4,163,An,3,1
5,187,An,3,1
5,186,An,3,1
5,187,An,3,1
5,186,An,3,1
5,186,An,3,1
5,185,An,3,1
5,185,An,3,1
5,186,An,3,1
5,187,An,3,1
5,187,An,3,1
4,163,An,3,1
4,163,An,3,1
3,163,An,3,1
2,165,An,3,1
1,186,An,3,1
5,185,An,3,1
4,163,An,3,1
3,164,An,3,1
2,165,An,3,1
1,186,An,3,1
5,185,An,3,1
4,163,An,3,1
5,178,An,3,1
5,172,An,3,1
4,164,An,3,1
3,164,An,3,1
2,164,An,3,1
1,186,An,3,1
5,183,An,3,1
4,164,An,3,1
3,163,An,3,1
2,164,An,3,1
1,186,An,3,1
4,163,An,3,1
4,163,An,3,1
4,163,An,3,1
4,163,An,3,1
4,163,An,3,1
4,163,An,3,1
4,163,An,3,1
4,164,An,3,1
4,163,An,3,1
4,163,An,3,1
3,163,An,3,1
2,163,An,3,1
1,185,An,3,1
5,185,An,3,1
3,163,An,3,1
2,169,An,3,1
1,185,An,3,1
4,163,An,3,1
4,164,An,3,1
3,163,An,3,1
2,164,An,3,1
1,186,An,3,1
4,164,An,3,1
4,163,An,3,1
4,164,An,3,1
4,163,An,3,1
4,169,An,3,1
3,164,An,3,1
1,189,An,3,1
4,170,An,3,1
1,190,An,3,1
4,170,An,3,1
3,163,An,3,1
2,170,An,3,1
4,170,An,3,1
3,163,An,3,1
1,190,An,3,1
1,190,An,3,1
1,190,An,3,1
1,190,An,3,1
1,190,An,3,1
5,169,An,3,1
4,170,An,3,1
3,163,An,3,1
1,189,An,3,1
1,189,An,3,1
1,190,An,3,1
1,190,An,3,1
5,173,An,3,1
4,170,An,3,1
3,164,An,3,1
1,190,An,3,1
1,190,An,3,1
1,190,An,3,1
5,171,An,3,1
4,170,An,3,1
3,163,An,3,1
1,190,An,3,1
1,190,An,3,1
5,171,An,3,1
4,170,An,3,1
3,163,An,3,1
2,173,An,3,1
1,189,An,3,1
1,190,An,3,1
4,170,An,3,1
3,164,An,3,1
1,189,An,3,1
5,170,An,3,1
4,170,An,3,1
3,164,An,3,1
1,190,An,3,1
5,172,An,3,1
4,170,An,3,1
3,164,An,3,1
2,172,An,3,1
1,190,An,3,1
1,190,An,3,1
1,190,An,3,1
1,189,An,3,1
5,171,An,3,1
4,170,An,3,1
3,163,An,3,1
1,189,An,3,1
1,190,An,3,1
1,190,An,3,1
5,172,An,3,1
4,170,An,3,1
3,163,An,3,1
1,190,An,3,1
1,189,An,3,1
1,190,An,3,1
1,189,An,3,1
1,190,An,3,1
1,189,An,3,1
1,189,An,3,1
1,189,An,3,1
5,170,An,3,1
4,170,An,3,1
3,163,An,3,1
1,190,An,3,1
1,190,An,3,1
5,171,An,3,1
4,170,An,3,1
3,165,An,3,1
1,190,An,3,1
1,189,An,3,1
5,172,An,3,1
4,170,An,3,1
3,164,An,3,1
1,189,An,3,1
1,189,An,3,1
1,189,An,3,1
1,189,An,3,1
1,189,An,3,1
5,172,An,3,1
1,189,An,3,1
1,190,An,3,1
1,189,An,3,1
1,189,An,3,1
1,189,An,3,1
5,171,An,3,1
4,170,An,3,1
3,163,An,3,1
2,173,An,3,1
1,190,An,3,1
5,174,An,3,1
4,170,An,3,1
3,164,An,3,1
1,190,An,3,1
1,190,An,3,1
5,170,An,3,1
4,170,An,3,1
3,165,An,3,1
1,190,An,3,1
1,190,An,3,1
5,172,An,3,1
4,170,An,3,1
3,163,An,3,1
2,173,An,3,1
1,189,An,3,1
1,189,An,3,1
5,177,An,3,1
4,170,An,3,1
3,163,An,3,1
2,173,An,3,1
1,189,An,3,1
5,173,An,3,1
4,170,An,3,1
3,163,An,3,1
2,173,An,3,1
1,189,An,3,1
5,172,An,3,1
4,170,An,3,1
3,163,An,3,1
2,173,An,3,1
1,189,An,3,1
5,173,An,3,1
4,170,An,3,1
3,164,An,3,1
1,189,An,3,1
5,174,An,3,1
4,170,An,3,1
3,163,An,3,1
2,174,An,3,1
1,190,An,3,1
5,176,An,3,1
4,170,An,3,1
3,165,An,3,1
1,190,An,3,1
5,173,An,3,1
4,170,An,3,1
4,170,An,3,1
3,164,An,3,1
1,189,An,3,1
4,170,An,3,1
4,170,An,3,1
2,173,An,3,1
5,173,An,3,1
4,170,An,3,1
3,165,An,3,1
2,173,An,3,1
1,190,An,3,1
5,174,An,3,1
4,170,An,3,1
3,163,An,3,1
2,173,An,3,1
1,190,An,3,1
5,175,An,3,1
4,170,An,3,1
3,163,An,3,1
2,172,An,3,1
1,190,An,3,1
4,170,An,3,1
3,164,An,3,1
2,172,An,3,1
1,190,An,3,1
5,174,An,3,1
4,170,An,3,1
3,163,An,3,1
2,173,An,3,1
1,189,An,3,1
5,174,An,3,1
4,170,An,3,1
3,164,An,3,1
2,172,An,3,1
1,189,An,3,1
5,175,An,3,1
4,170,An,3,1
3,164,An,3,1
2,173,An,3,1
1,189,An,3,1
5,176,An,3,1
4,170,An,3,1
3,164,An,3,1
2,172,An,3,1
1,189,An,3,1
5,175,An,3,1
4,170,An,3,1
3,163,An,3,1
2,173,An,3,1
1,190,An,3,1
5,177,An,3,1
4,170,An,3,1
3,164,An,3,1
2,173,An,3,1
1,190,An,3,1
5,176,An,3,1
4,170,An,3,1
3,163,An,3,1
2,173,An,3,1
1,190,An,3,1
5,175,An,3,1
4,170,An,3,1
3,163,An,3,1
2,173,An,3,1
1,189,An,3,1
5,174,An,3,1
4,170,An,3,1
3,163,An,3,1
2,174,An,3,1
1,189,An,3,1
4,171,An,3,1
3,164,An,3,1
2,174,An,3,1
1,189,An,3,1
5,175,An,3,1
4,170,An,3,1
3,163,An,3,1
2,173,An,3,1
1,190,An,3,1
5,176,An,3,1
4,170,An,3,1
3,164,An,3,1
2,174,An,3,1
1,189,An,3,1
5,176,An,3,1
4,169,An,3,1
3,163,An,3,1
2,173,An,3,1
1,189,An,3,1
4,170,An,3,1
3,164,An,3,1
2,174,An,3,1
1,190,An,3,1
5,174,An,3,1
4,170,An,3,1
3,164,An,3,1
2,173,An,3,1
1,190,An,3,1
4,170,An,3,1
3,163,An,3,1
2,171,An,3,1
1,190,An,3,1
5,176,An,3,1
4,170,An,3,1
3,164,An,3,1
2,172,An,3,1
1,189,An,3,1
5,174,An,3,1
4,170,An,3,1
3,164,An,3,1
2,173,An,3,1
1,189,An,3,1
5,174,An,3,1
4,170,An,3,1
2,174,An,3,1
1,190,An,3,1
4,170,An,3,1
3,164,An,3,1
2,173,An,3,1
1,190,An,3,1
5,174,An,3,1
4,170,An,3,1
3,164,An,3,1
2,174,An,3,1
1,190,An,3,1
5,174,An,3,1
4,170,An,3,1
3,163,An,3,1
2,172,An,3,1
1,190,An,3,1
5,174,An,3,1
4,170,An,3,1
3,163,An,3,1
2,172,An,3,1
1,190,An,3,1
5,175,An,3,1
4,170,An,3,1
3,165,An,3,1
1,189,An,3,1
5,171,An,3,1
4,169,An,3,1
3,163,An,3,1
1,190,An,3,1
5,173,An,3,1
4,170,An,3,1
3,163,An,3,1
2,174,An,3,1
1,189,An,3,1
5,171,An,3,1
4,169,An,3,1
1,189,An,3,1
1,190,An,3,1
1,190,An,3,1
5,171,An,3,1
4,170,An,3,1
3,163,An,3,1
2,173,An,3,1
1,190,An,3,1
4,170,An,3,1
4,170,An,3,1
4,170,An,3,1
3,165,An,3,1
1,190,An,3,1
5,171,An,3,1
4,170,An,3,1
3,163,An,3,1
2,168,An,3,1
1,190,An,3,1
5,175,An,3,1
4,171,An,3,1
1,190,An,3,1
5,170,An,3,1
4,170,An,3,1
3,165,An,3,1
5,174,An,3,1
4,169,An,3,1
3,163,An,3,1
2,171,An,3,1
1,190,An,3,1
3,163,An,3,1
2,172,An,3,1
1,189,An,3,1
5,175,An,3,1
4,169,An,3,1
4,169,An,3,1
3,163,An,3,1
2,172,An,3,1
1,190,An,3,1
4,170,An,3,1
2,173,An,3,1
1,190,An,3,1
5,174,An,3,1
4,169,An,3,1
3,164,An,3,1
2,172,An,3,1
1,190,An,3,1
5,176,An,3,1
4,169,An,3,1
3,164,An,3,1
2,172,An,3,1
1,189,An,3,1
5,175,An,3,1
3,163,An,3,1
2,171,An,3,1
1,190,An,3,1
5,175,An,3,1
3,163,An,3,1
1,189,An,3,1
5,174,An,3,1
4,170,An,3,1
3,163,An,3,1
2,173,An,3,1
1,189,An,3,1
1,189,An,3,1
4,170,An,3,1
3,163,An,3,1
1,189,An,3,1
5,171,An,3,1
4,170,An,3,1
3,163,An,3,1
2,173,An,3,1
1,189,An,3,1
5,170,An,3,1
4,170,An,3,1
3,163,An,3,1
2,173,An,3,1
1,189,An,3,1
4,170,An,3,1
3,163,An,3,1
2,173,An,3,1
1,189,An,3,1
4,170,An,3,1
3,163,An,3,1
2,173,An,3,1
1,189,An,3,1
5,173,An,3,1
4,170,An,3,1
4,170,An,3,1
3,163,An,3,1
2,173,An,3,1
1,190,An,3,1
5,172,An,3,1
4,169,An,3,1
4,170,An,3,1
3,163,An,3,1
2,173,An,3,1
1,190,An,3,1
4,170,An,3,1
4,170,An,3,1
3,163,An,3,1
2,174,An,3,1
1,190,An,3,1
4,170,An,3,1
4,170,An,3,1
4,169,An,3,1
3,163,An,3,1
2,173,An,3,1
1,190,An,3,1
5,173,An,3,1
4,169,An,3,1
3,163,An,3,1
2,174,An,3,1
1,164,Bn,1,1
5,200,Bn,1,1
4,187,Bn,1,1
3,168,Bn,1,1
2,164,Bn,1,1
5,201,Bn,1,1
3,168,Bn,1,1
2,165,Bn,1,1
1,164,Bn,1,1
5,200,Bn,1,1
4,187,Bn,1,1
3,169,Bn,1,1
2,164,Bn,1,1
1,165,Bn,1,1
5,199,Bn,1,1
4,186,Bn,1,1
3,169,Bn,1,1
2,164,Bn,1,1
1,165,Bn,1,1
5,199,Bn,1,1
4,186,Bn,1,1
3,169,Bn,1,1
2,164,Bn,1,1
1,165,Bn,1,1
5,198,Bn,1,1
3,169,Bn,1,1
3,168,Bn,1,1
2,163,Bn,1,1
1,165,Bn,1,1
5,200,Bn,1,1
4,186,Bn,1,1
3,169,Bn,1,1
2,164,Bn,1,1
1,165,Bn,1,1
5,200,Bn,1,1
4,187,Bn,1,1
3,168,Bn,1,1
2,164,Bn,1,1
1,164,Bn,1,1
5,200,Bn,1,1
4,187,Bn,1,1
3,169,Bn,1,1
2,164,Bn,1,1
1,164,Bn,1,1
5,200,Bn,1,1
4,187,Bn,1,1
3,170,Bn,1,1
2,163,Bn,1,1
1,164,Bn,1,1
5,200,Bn,1,1
4,186,Bn,1,1
3,169,Bn,1,1
2,164,Bn,1,1
5,200,Bn,1,1
4,187,Bn,1,1
3,170,Bn,1,1
3,170,Bn,1,1
2,164,Bn,1,1
1,164,Bn,1,1
5,200,Bn,1,1
4,187,Bn,1,1
3,168,Bn,1,1
2,164,Bn,1,1
1,165,Bn,1,1
5,201,Bn,1,1
4,187,Bn,1,1
3,170,Bn,1,1
2,164,Bn,1,1
1,165,Bn,1,1
5,201,Bn,1,1
4,187,Bn,1,1
3,169,Bn,1,1
2,164,Bn,1,1
1,164,Bn,1,1
5,200,Bn,1,1
3,170,Bn,1,1
2,163,Bn,1,1
1,164,Bn,1,1
5,199,Bn,1,1
4,185,Bn,1,1
3,168,Bn,1,1
2,164,Bn,1,1
1,165,Bn,1,1
5,200,Bn,1,1
4,187,Bn,1,1
3,168,Bn,1,1
2,164,Bn,1,1
1,165,Bn,1,1
5,200,Bn,1,1
3,169,Bn,1,1
2,164,Bn,1,1
5,200,Bn,1,1
4,187,Bn,1,1
3,169,Bn,1,1
2,164,Bn,1,1
1,165,Bn,1,1
3,170,Bn,1,1
3,170,Bn,1,1
3,170,Bn,1,1
3,170,Bn,1,1
2,164,Bn,1,1
1,164,Bn,1,1
5,200,Bn,1,1
4,187,Bn,1,1
3,170,Bn,1,1
2,164,Bn,1,1
1,165,Bn,1,1
5,200,Bn,1,1
3,171,Bn,1,1
3,171,Bn,1,1
1,164,Bn,1,1
5,201,Bn,1,1
3,171,Bn,1,1
1,164,Bn,1,1
5,200,Bn,1,1
4,187,Bn,1,1
3,171,Bn,1,1
3,171,Bn,1,1
2,164,Bn,1,1
1,165,Bn,1,1
5,200,Bn,1,1
4,187,Bn,1,1
3,171,Bn,1,1
2,164,Bn,1,1
1,164,Bn,1,1
5,200,Bn,1,1
3,168,Bn,2,1
3,168,Bn,2,1
3,165,Bn,2,1
3,169,Bn,2,1
3,165,Bn,2,1
3,170,Bn,2,1
3,171,Bn,2,1
3,171,Bn,2,1
3,171,Bn,2,1
3,172,Bn,2,1
3,171,Bn,2,1
3,171,Bn,2,1
3,171,Bn,2,1
3,171,Bn,2,1
3,171,Bn,2,1
3,171,Bn,2,1
3,171,Bn,2,1
3,171,Bn,2,1
3,171,Bn,2,1
3,171,Bn,2,1
3,171,Bn,2,1
3,171,Bn,2,1
3,171,Bn,2,1
3,171,Bn,2,1
3,170,Bn,2,1
5,193,Bn,2,1
3,170,Bn,2,1
3,171,Bn,2,1
3,170,Bn,2,1
3,171,Bn,2,1
3,171,Bn,2,1
3,171,Bn,2,1
3,171,Bn,2,1
3,171,Bn,2,1
3,171,Bn,2,1
3,172,Bn,2,1
3,171,Bn,2,1
3,171,Bn,2,1
3,171,Bn,2,1
3,171,Bn,2,1
3,171,Bn,2,1
3,171,Bn,2,1
3,171,Bn,2,1
3,171,Bn,2,1
3,170,Bn,2,1
3,171,Bn,2,1
3,170,Bn,2,1
3,171,Bn,2,1
3,171,Bn,2,1
3,171,Bn,2,1
5,193,Bn,2,1
3,171,Bn,2,1
3,170,Bn,2,1
3,171,Bn,2,1
3,171,Bn,2,1
3,171,Bn,2,1
3,171,Bn,2,1
3,171,Bn,2,1
3,171,Bn,2,1
3,171,Bn,2,1
3,171,Bn,2,1
3,171,Bn,2,1
3,170,Bn,2,1
3,171,Bn,2,1
3,171,Bn,2,1
3,171,Bn,2,1
3,171,Bn,2,1
5,193,Bn,2,1
3,171,Bn,2,1
3,171,Bn,2,1
5,193,Bn,2,1
5,193,Bn,2,1
3,171,Bn,2,1
3,171,Bn,2,1
3,171,Bn,2,1
3,171,Bn,2,1
3,171,Bn,2,1
5,193,Bn,2,1
3,172,Bn,2,1
3,171,Bn,2,1
5,193,Bn,2,1
3,171,Bn,2,1
3,171,Bn,2,1
5,193,Bn,2,1
5,194,Bn,2,1
3,171,Bn,2,1
3,171,Bn,2,1
3,171,Bn,2,1
3,171,Bn,2,1
3,170,Bn,2,1
5,194,Bn,2,1
5,193,Bn,2,1
3,171,Bn,2,1
3,171,Bn,2,1
5,193,Bn,2,1
3,171,Bn,2,1
3,171,Bn,2,1
3,171,Bn,2,1
3,171,Bn,2,1
3,171,Bn,2,1
3,171,Bn,2,1
3,171,Bn,2,1
5,193,Bn,2,1
3,172,Bn,2,1
3,171,Bn,2,1
3,171,Bn,2,1
3,171,Bn,2,1
3,171,Bn,2,1
3,171,Bn,2,1
3,171,Bn,2,1
3,171,Bn,2,1
3,171,Bn,2,1
3,171,Bn,2,1
3,171,Bn,2,1
3,171,Bn,2,1
3,171,Bn,2,1
3,171,Bn,2,1
3,171,Bn,2,1
3,171,Bn,2,1
3,171,Bn,2,1
3,171,Bn,2,1
3,171,Bn,2,1
5,193,Bn,2,1
5,193,Bn,2,1
3,171,Bn,2,1
3,171,Bn,2,1
3,170,Bn,2,1
3,172,Bn,2,1
3,171,Bn,2,1
3,170,Bn,2,1
3,170,Bn,2,1
3,170,Bn,2,1
3,170,Bn,2,1
3,171,Bn,2,1
3,171,Bn,2,1
3,170,Bn,2,1
3,169,Bn,2,1
3,169,Bn,2,1
3,170,Bn,2,1
3,170,Bn,2,1
3,170,Bn,2,1
3,170,Bn,2,1
3,170,Bn,2,1
3,170,Bn,2,1
5,203,Bn,2,1
3,169,Bn,2,1
5,203,Bn,2,1
3,170,Bn,2,1
5,204,Bn,2,1
3,167,Bn,2,1
5,191,Bn,2,1
1,166,Bn,2,1
4,182,Bn,3,1
3,170,Bn,3,1
1,165,Bn,3,1
4,183,Bn,3,1
2,165,Bn,3,1
4,182,Bn,3,1
3,170,Bn,3,1
1,166,Bn,3,1
5,197,Bn,3,1
4,182,Bn,3,1
3,170,Bn,3,1
2,164,Bn,3,1
3,170,Bn,3,1
1,165,Bn,3,1
3,170,Bn,3,1
1,166,Bn,3,1
2,165,Bn,3,1
1,166,Bn,3,1
5,197,Bn,3,1
4,182,Bn,3,1
3,170,Bn,3,1
4,182,Bn,3,1
3,170,Bn,3,1
1,166,Bn,3,1
3,170,Bn,3,1
2,164,Bn,3,1
4,182,Bn,3,1
3,170,Bn,3,1
4,182,Bn,3,1
3,170,Bn,3,1
3,170,Bn,3,1
1,166,Bn,3,1
5,197,Bn,3,1
4,182,Bn,3,1
2,164,Bn,3,1
1,166,Bn,3,1
4,182,Bn,3,1
3,170,Bn,3,1
2,164,Bn,3,1
4,183,Bn,3,1
3,170,Bn,3,1
2,165,Bn,3,1
1,167,Bn,3,1
5,197,Bn,3,1
4,182,Bn,3,1
3,170,Bn,3,1
2,164,Bn,3,1
1,166,Bn,3,1
5,197,Bn,3,1
4,182,Bn,3,1
3,170,Bn,3,1
2,164,Bn,3,1
1,166,Bn,3,1
5,197,Bn,3,1
4,182,Bn,3,1
3,170,Bn,3,1
2,164,Bn,3,1
1,166,Bn,3,1
5,197,Bn,3,1
4,182,Bn,3,1
1,166,Bn,3,1
5,197,Bn,3,1
4,182,Bn,3,1
3,170,Bn,3,1
2,165,Bn,3,1
1,166,Bn,3,1
5,197,Bn,3,1
4,182,Bn,3,1
3,170,Bn,3,1
2,164,Bn,3,1
1,166,Bn,3,1
5,197,Bn,3,1
3,170,Bn,3,1
2,165,Bn,3,1
1,166,Bn,3,1
5,197,Bn,3,1
4,182,Bn,3,1
3,170,Bn,3,1
1,166,Bn,3,1
5,197,Bn,3,1
4,182,Bn,3,1
3,170,Bn,3,1
2,165,Bn,3,1
1,166,Bn,3,1
5,197,Bn,3,1
4,182,Bn,3,1
3,170,Bn,3,1
2,164,Bn,3,1
1,166,Bn,3,1
5,197,Bn,3,1
4,182,Bn,3,1
3,170,Bn,3,1
2,164,Bn,3,1
1,166,Bn,3,1
5,197,Bn,3,1
4,182,Bn,3,1
3,170,Bn,3,1
2,165,Bn,3,1
1,166,Bn,3,1
5,197,Bn,3,1
4,182,Bn,3,1
3,170,Bn,3,1
1,166,Bn,3,1
5,197,Bn,3,1
1,166,Bn,3,1
5,197,Bn,3,1
4,182,Bn,3,1
3,170,Bn,3,1
2,164,Bn,3,1
1,166,Bn,3,1
5,197,Bn,3,1
4,182,Bn,3,1
1,166,Bn,3,1
5,197,Bn,3,1
4,182,Bn,3,1
3,170,Bn,3,1
2,164,Bn,3,1
1,166,Bn,3,1
5,197,Bn,3,1
4,182,Bn,3,1
3,170,Bn,3,1
2,165,Bn,3,1
1,166,Bn,3,1
5,197,Bn,3,1
4,182,Bn,3,1
3,170,Bn,3,1
2,164,Bn,3,1
1,166,Bn,3,1
5,197,Bn,3,1
4,182,Bn,3,1
3,170,Bn,3,1
2,165,Bn,3,1
1,166,Bn,3,1
5,197,Bn,3,1
4,182,Bn,3,1
3,170,Bn,3,1
2,164,Bn,3,1
1,166,Bn,3,1
5,197,Bn,3,1
4,182,Bn,3,1
3,170,Bn,3,1
2,164,Bn,3,1
1,166,Bn,3,1
4,182,Bn,3,1
3,170,Bn,3,1
2,165,Bn,3,1
1,166,Bn,3,1
5,197,Bn,3,1
4,182,Bn,3,1
3,170,Bn,3,1
2,164,Bn,3,1
1,166,Bn,3,1
5,197,Bn,3,1
4,182,Bn,3,1
3,170,Bn,3,1
2,165,Bn,3,1
1,166,Bn,3,1
5,197,Bn,3,1
4,182,Bn,3,1
3,170,Bn,3,1
2,164,Bn,3,1
1,166,Bn,3,1
5,197,Bn,3,1
4,182,Bn,3,1
3,171,Bn,3,1
2,164,Bn,3,1
1,166,Bn,3,1
5,197,Bn,3,1
4,182,Bn,3,1
3,170,Bn,3,1
2,165,Bn,3,1
1,166,Bn,3,1
5,197,Bn,3,1
4,182,Bn,3,1
3,170,Bn,3,1
2,165,Bn,3,1
1,166,Bn,3,1
5,197,Bn,3,1
4,182,Bn,3,1
3,170,Bn,3,1
2,164,Bn,3,1
1,166,Bn,3,1
5,197,Bn,3,1
4,182,Bn,3,1
3,170,Bn,3,1
2,164,Bn,3,1
1,166,Bn,3,1
5,197,Bn,3,1
4,182,Bn,3,1
3,170,Bn,3,1
2,164,Bn,3,1
1,166,Bn,3,1
5,197,Bn,3,1
4,182,Bn,3,1
3,170,Bn,3,1
2,164,Bn,3,1
1,166,Bn,3,1
5,197,Bn,3,1
4,182,Bn,3,1
3,170,Bn,3,1
2,164,Bn,3,1
1,166,Bn,3,1
5,197,Bn,3,1
4,182,Bn,3,1
3,170,Bn,3,1
2,164,Bn,3,1
1,166,Bn,3,1
5,197,Bn,3,1
4,182,Bn,3,1
3,170,Bn,3,1
2,165,Bn,3,1
1,165,Bn,3,1
5,197,Bn,3,1
4,182,Bn,3,1
3,170,Bn,3,1
2,164,Bn,3,1
1,166,Bn,3,1
5,197,Bn,3,1
4,182,Bn,3,1
3,170,Bn,3,1
2,164,Bn,3,1
1,166,Bn,3,1
5,197,Bn,3,1
4,182,Bn,3,1
3,170,Bn,3,1
2,164,Bn,3,1
1,166,Bn,3,1
5,197,Bn,3,1
4,182,Bn,3,1
